{"cameraMode":{"drawMode":0,"name":"Shaded","section":"Shading Mode"},"sceneLighting":true,"audioPlay":false,"sceneViewState":{"showFog":true,"showMaterialUpdate":false,"showSkybox":true,"showFlares":true,"showImageEffects":true,"showParticleSystems":true},"in2DMode":false,"pivot":{"x":117.05078887939453,"y":81.8122329711914,"z":72.95896911621094},"rotation":{"x":0.73780357837677,"y":-0.0030316489282995464,"z":0.003332052379846573,"w":0.6750176548957825},"size":14.231295585632325,"orthographic":false}