{"cameraMode":{"drawMode":0,"name":"Shaded","section":"Shading Mode"},"sceneLighting":true,"audioPlay":false,"sceneViewState":{"showFog":true,"showMaterialUpdate":false,"showSkybox":true,"showFlares":true,"showImageEffects":true,"showParticleSystems":true},"in2DMode":false,"pivot":{"x":80.6736068725586,"y":133.36085510253907,"z":23.43071174621582},"rotation":{"x":0.6719180345535278,"y":0.005559425801038742,"z":-0.005027092061936855,"w":0.7406046390533447},"size":78.77156829833985,"orthographic":false}